Game Id,points,result,attendance,minutes,field_goals_made,field_goals_att,field_goals_pct,three_points_made,three_points_att,three_points_pct,two_points_made,two_points_att,two_points_pct,blocked_att,free_throws_made,free_throws_att,free_throws_pct,offensive_rebounds,defensive_rebounds,assists,steals,blocks,assists_turnover_ratio,personal_fouls,ejections,foulouts,points,fast_break_pts,second_chance_pts,team_turnovers,points_off_turnovers,team_rebounds,flagrant_fouls,player_tech_fouls,team_tech_fouls,coach_tech_fouls,points_in_paint,team_offensive_rebounds,team_defensive_rebounds,total_rebounds,personal_rebounds,player_turnovers,pls_min,effective_fg_pct,bench_points,points_in_paint_att,points_in_paint_made,points_in_paint_pct,true_shooting_att,true_shooting_pct,biggest_lead,fouls_drawn,offensive_fouls,efficiency,efficiency_game_score,defensive_rating,offensive_rating,coach_ejections,points_against,possessions,opponent_possessions,time_leading,defensive_points_per_possession,offensive_points_per_possession,team_fouls,total_fouls,second_chance_att,second_chance_made,second_chance_pct,fast_break_att,fast_break_made,fast_break_pct
56e79a40-ad36-4f91-b91b-ac9898586009,127,win,17341,4:00:00,48,105,45.7,17,45,37.8,31,60,51.7,9,14,18,77.8,13,41,25,8,9,3.57,19,0,0,127,21,16,1,22,8,0,0,0,0,42,7,1,62,54,7,23,53.8,45,39,21,53.8,112.92,56.2,23,17,1,144,109.7,101.840971406189,117.67976278725,0,104,107.92,102.12,46:03,0.96,1.18,0,19,17,7,41.2,10,8,80.0
c2aa6ec9-4c7f-4276-b97b-b557e14234bb,88,loss,20088,4:00:00,36,90,40.0,6,28,21.4,30,62,48.4,5,10,13,76.9,11,36,17,7,5,1.06,16,0,0,88,6,8,1,15,5,0,0,0,0,50,4,1,52,47,16,-6,43.3,32,47,25,53.2,95.72,46.0,9,19,1,89,56.7,93.4393638170974,86.5119937082186,0,94,101.72,100.6,29:09,0.92,0.87,0,16,10,4,40.0,4,3,75.0
67d05d04-8624-4bfd-b32d-39eddb31f38e,138,win,19812,4:50:00,51,105,48.6,17,45,37.8,34,60,56.7,9,19,27,70.4,7,48,27,9,10,1.59,22,0,0,138,14,14,2,17,16,0,0,1,0,60,14,2,71,55,17,4,56.7,31,44,30,68.2,116.88,59.0,11,24,2,153,110.1,102.981862895788,107.07635009311,0,134,128.88,130.12,19:40,1.04,1.07,1,23,7,5,71.4,13,7,53.8
8fd012e3-d9fd-46bf-92ef-33f452e35f74,132,win,15975,4:00:00,53,100,53.0,14,33,42.4,39,67,58.2,5,12,12,100.0,13,40,28,8,8,2.8,15,0,0,132,22,13,2,21,4,0,1,0,0,70,3,1,57,53,10,11,60.0,32,58,35,60.3,105.28,62.7,16,17,0,168,121.5,115.325962638201,126.582278481013,0,121,104.28,104.92,42:38,1.16,1.27,0,15,14,6,42.9,15,10,66.7
dbf3b245-2f75-4a92-ac7e-dda33eeda072,97,loss,12845,4:00:00,39,93,41.9,13,30,43.3,26,63,41.3,5,6,9,66.7,10,34,28,5,6,2.15,16,0,0,97,25,2,1,9,6,0,0,0,0,36,5,1,50,44,13,-20,48.9,17,47,18,38.3,96.96,50.0,3,11,1,100,72.9,116.071428571429,96.0776545166402,0,117,100.96,100.8,00:48,1.16,0.96,0,16,12,1,8.3,13,11,84.6
8fddc7f8-c12d-4158-92e3-fc55e28afdca,107,win,18306,4:00:00,40,91,44.0,14,47,29.8,26,44,59.1,2,13,15,86.7,12,41,18,6,5,1.8,19,0,0,107,0,15,0,13,6,0,1,0,0,50,4,2,59,53,10,21,51.6,43,37,25,67.6,97.6,54.8,26,15,1,119,83.7,86.9389405580267,111.924686192469,0,86,95.6,98.92,47:12,0.9,1.12,0,19,12,7,58.3,3,0,0.0
b6ab2a8e-1dee-40ff-a18b-525cf3310e52,121,loss,17467,4:00:00,45,93,48.4,12,35,34.3,33,58,56.9,4,19,22,86.4,9,40,25,5,5,2.08,22,0,0,121,2,11,1,9,8,0,0,0,0,58,5,3,57,49,12,-3,54.8,25,50,29,58.0,102.68,58.9,3,22,1,138,96.2,115.070527097253,113.423322084739,0,124,106.68,107.76,00:49,1.16,1.13,0,22,7,4,57.1,8,1,12.5
926a442f-8c1f-47b4-beff-3185b028af4e,113,win,17162,4:00:00,45,94,47.9,15,35,42.9,30,59,50.8,3,8,9,88.9,6,49,31,8,9,2.38,16,0,0,113,11,8,0,9,4,0,0,0,0,46,2,2,59,55,13,26,55.9,44,35,23,65.7,97.96,57.7,30,21,1,155,100.3,83.8796760509063,107.66006097561,0,87,104.96,103.72,42:11,0.83,1.08,0,16,8,4,50.0,6,4,66.7
2ba60694-3263-4c47-aa49-3980d3e4566f,137,win,19600,4:00:00,51,96,53.1,15,35,42.9,36,61,59.0,0,20,31,64.5,11,47,28,8,2,2.55,26,0,0,137,22,15,0,21,11,0,1,0,0,60,8,3,69,58,11,42,60.9,75,47,30,63.8,109.64,62.5,42,26,3,165,115.2,88.9846384413638,124.954396205764,0,95,109.64,106.76,46:24,0.87,1.25,0,26,12,5,41.7,12,9,75.0
201e9149-2204-4c61-9ce7-0b5e440560d6,135,win,15407,4:25:00,49,94,52.1,19,38,50.0,30,56,53.6,6,18,19,94.7,6,32,24,5,6,2.67,21,0,0,135,3,2,0,26,6,0,0,0,0,48,3,3,44,38,9,1,62.2,53,41,24,58.5,102.36,65.9,12,22,1,148,110.8,120.938628158845,128.132118451025,0,134,105.36,110.8,27:27,1.27,1.28,0,21,5,0,0.0,1,1,100.0
24b2d362-bcc6-4bbd-acd6-d2f2f706e219,96,loss,18846,4:00:00,33,83,39.8,17,43,39.5,16,40,40.0,4,13,15,86.7,9,37,24,5,3,1.33,18,0,0,96,13,9,1,11,7,0,0,0,0,32,4,3,53,46,18,-25,50.0,31,28,16,57.1,89.6,53.6,3,19,3,101,66.4,120.421974522293,96.3855421686747,0,121,99.6,100.48,1:14,1.21,0.96,0,18,9,3,33.3,12,4,33.3
b6e91490-efc9-4bca-bfd9-d396bed67e23,112,loss,17116,4:00:00,43,84,51.2,9,31,29.0,34,53,64.2,1,17,20,85.0,7,29,26,9,3,1.44,15,0,0,112,8,6,1,23,4,0,0,0,0,52,2,2,40,36,18,-11,56.5,27,39,26,66.7,92.8,60.3,11,16,1,124,88.1,116.609783845279,106.870229007634,0,123,104.8,105.48,25:47,1.17,1.07,0,15,8,3,37.5,4,3,75.0
fb168333-20fe-4bb6-a504-1b77fdc42c02,83,loss,19156,4:00:00,32,82,39.0,11,34,32.4,21,48,43.8,2,8,11,72.7,10,32,19,6,12,0.76,19,0,0,83,9,4,0,9,6,0,1,0,0,32,3,3,48,42,25,-32,45.7,36,39,16,41.0,86.84,47.8,8,13,4,75,48.9,114.724660814046,81.5003927729772,0,115,101.84,100.24,11:03,1.13,0.82,0,19,9,2,22.2,7,4,57.1
ed5b9b25-f608-44a5-bb6e-b99baa43b8b8,124,win,15674,4:00:00,48,95,50.5,17,38,44.7,31,57,54.4,4,11,14,78.6,10,44,29,12,10,1.71,18,0,0,124,17,21,0,21,10,0,0,0,0,58,6,4,64,54,17,33,59.5,47,49,29,59.2,101.16,61.3,35,21,3,161,110.8,83.4556126192223,114.644970414201,0,91,108.16,109.04,47:44,0.84,1.15,0,18,13,9,69.2,13,8,61.5
420a030e-804b-4cc3-83a3-efdd64f2fdbf,102,win,19520,4:00:00,44,86,51.2,9,30,30.0,35,56,62.5,2,5,8,62.5,8,33,26,10,2,1.24,21,0,0,102,17,6,0,10,5,0,0,0,0,58,3,2,46,41,21,6,56.4,30,45,29,64.4,89.52,57.0,11,17,5,109,73.9,93.0593253198914,99.4927818962154,0,96,102.52,103.16,39:05,0.94,0.99,0,21,7,3,42.9,13,7,53.8
a6a8d6ba-2791-4dff-bb49-23538a8b7d10,101,loss,17583,4:00:00,39,99,39.4,8,36,22.2,31,63,49.2,3,15,21,71.4,16,36,20,15,5,1.33,22,0,1,101,18,13,0,23,10,0,0,0,0,54,10,0,62,52,15,-9,43.4,37,53,27,50.9,108.24,46.7,9,17,0,104,75.6,103.656238220882,94.1812756434166,0,110,107.24,106.12,29:28,1.03,0.94,0,22,17,4,23.5,13,8,61.5
c90724b1-b19b-4e5a-ae99-2744f275fbc6,105,loss,18997,4:00:00,34,86,39.5,15,34,44.1,19,52,36.5,2,22,29,75.9,12,34,25,7,3,1.56,26,0,0,105,5,11,0,19,8,1,2,1,1,26,6,2,54,46,16,-10,48.3,37,36,13,36.1,98.76,53.2,7,22,4,103,74.4,111.304684475416,102.179836512262,0,115,102.76,103.32,10:25,1.12,1.02,2,28,11,3,27.3,9,2,22.2
82ba59ca-538a-422a-b0d0-54ce19b6ea82,102,win,17147,4:25:00,38,97,39.2,10,39,25.6,28,58,48.3,2,16,21,76.2,14,41,18,10,5,1.13,18,0,0,102,18,13,0,17,6,1,0,0,0,50,5,1,61,55,16,11,44.3,37,45,25,55.6,106.24,48.0,12,25,7,115,72.3,83.3638695492854,94.2350332594235,0,91,108.24,109.16,33:47,0.84,0.94,0,18,15,6,40.0,14,7,50.0
2f83c30f-7413-4277-b941-5172758779fa,95,loss,19800,4:00:00,34,85,40.0,11,37,29.7,23,48,47.9,6,16,23,69.6,11,38,17,7,6,1.42,23,0,0,95,12,9,0,3,11,0,0,0,0,36,8,3,60,49,12,-8,46.5,13,34,18,52.9,95.12,49.9,14,22,3,97,67.3,108.512431521281,98.8347898460258,0,103,96.12,94.92,29:02,1.07,0.99,0,23,12,3,25.0,12,5,41.7
663964dc-e4e3-48b1-bb34-c853be4bffe6,97,win,18888,4:00:00,35,84,41.7,11,26,42.3,24,58,41.4,8,16,19,84.2,3,39,24,13,11,2.0,17,0,0,97,12,7,1,24,7,1,0,0,0,34,6,1,49,42,12,15,48.2,25,40,17,42.5,92.36,52.5,31,17,1,115,83.5,76.9230769230769,94.7635795232513,0,82,102.36,106.6,39:03,0.8,0.95,0,17,5,3,60.0,6,4,66.7
9de11d8a-fa43-45f2-aa88-87f817ddefa0,134,win,18558,4:00:00,51,94,54.3,21,50,42.0,30,44,68.2,1,11,17,64.7,8,40,24,8,5,2.67,15,0,0,134,21,15,0,15,7,0,1,0,0,50,6,1,55,48,9,29,65.4,56,36,25,69.4,101.48,66.0,37,19,1,163,117.1,102.33918128655,130.757220921155,0,105,102.48,102.6,46:42,1.02,1.31,0,15,9,7,77.8,10,7,70.0
fc3396df-ea57-4f02-a9c3-3ee3d01d44e3,95,loss,17732,4:00:00,38,87,43.7,9,35,25.7,29,52,55.8,5,10,12,83.3,9,35,18,10,8,1.06,19,0,0,95,12,6,0,13,5,0,0,0,0,42,2,3,49,44,17,-16,48.9,27,40,21,52.5,92.28,51.5,10,17,4,100,68.9,106.362591031046,94.7347427203829,0,111,100.28,104.36,21:21,1.11,0.95,0,19,7,3,42.9,9,5,55.6
70717841-e682-4364-873b-b6a066d61989,104,loss,16273,4:00:00,37,100,37.0,13,48,27.1,24,52,46.2,4,17,25,68.0,16,36,20,8,8,1.67,21,0,1,104,8,14,0,11,12,1,0,0,0,46,7,5,64,52,12,-6,43.5,34,40,23,57.5,111.0,46.8,13,25,2,109,74.8,103.812759531899,97.196261682243,0,110,107.0,105.96,22:44,1.03,0.97,0,21,16,6,37.5,8,3,37.5
a8a20e99-8992-43a6-abf9-5d87bec497b6,103,loss,14256,4:00:00,40,84,47.6,8,31,25.8,32,53,60.4,9,15,19,78.9,6,36,24,9,4,2.18,17,0,0,103,6,10,0,14,5,0,0,1,0,54,5,0,47,42,11,-12,52.4,28,43,27,62.8,92.36,55.8,0,17,1,114,84.4,118.801652892562,105.792933442892,0,115,97.36,96.8,00:00,1.18,1.06,1,18,5,4,80.0,4,3,75.0
ecaa748b-52fd-45c4-8cea-fea6d66ed272,121,win,18997,4:00:00,45,84,53.6,16,30,53.3,29,54,53.7,4,15,22,68.2,9,27,29,10,12,1.71,14,0,0,121,15,9,0,20,11,0,0,1,0,52,6,5,47,36,17,3,63.1,48,43,26,60.5,93.68,64.6,12,20,0,147,107.9,110.362888140666,119.000786782061,0,118,101.68,106.92,27:53,1.16,1.19,1,15,6,4,66.7,7,6,85.7
a74770d4-eac6-42e6-b5c1-c3901b2aefce,109,loss,10339,4:00:00,40,90,44.4,14,36,38.9,26,54,48.1,6,15,17,88.2,12,35,23,6,1,1.21,24,0,0,109,6,6,0,6,8,0,1,1,1,34,4,4,55,47,19,-10,52.2,28,36,17,47.2,97.48,55.9,5,19,3,103,74.3,112.646724725483,104.326186830015,0,119,104.48,105.64,7:33,1.14,1.04,2,26,9,3,33.3,6,2,33.3
cd6b77dc-ca3a-4de4-8b09-d450cdfdcef1,129,loss,17238,4:25:00,46,103,44.7,19,44,43.2,27,59,45.8,9,18,28,64.3,14,38,26,4,6,1.86,25,0,1,129,15,12,0,19,10,1,0,1,0,50,8,2,62,52,14,-11,53.9,33,52,25,48.1,115.32,55.9,12,23,3,125,94.9,123.893805309734,111.862643080125,0,140,115.32,113.0,32:56,1.21,1.12,1,26,12,3,25.0,16,6,37.5
2fb73498-a4d9-4bd1-aaa9-9c87fcab3bc5,122,win,14209,4:00:00,46,90,51.1,12,32,37.5,34,58,58.6,6,18,21,85.7,10,39,24,11,3,1.85,19,0,0,122,12,13,3,22,9,0,0,0,0,52,7,2,58,49,13,18,57.8,36,42,26,61.9,99.24,61.5,23,15,2,139,104.2,102.040816326531,115.925503610794,0,104,105.24,101.92,46:57,0.99,1.16,0,19,10,5,50.0,10,6,60.0
73f35a95-55e2-41be-94db-3486c7caceca,108,loss,19800,4:00:00,40,83,48.2,12,30,40.0,28,53,52.8,3,16,20,80.0,13,34,27,8,1,1.42,18,0,0,108,18,9,2,12,10,0,1,0,0,48,8,2,57,47,19,-3,55.4,29,45,24,53.3,91.8,58.8,5,16,0,119,85.0,112.484799351439,108.216432865731,0,111,99.8,98.68,6:55,1.11,1.08,0,18,11,3,27.3,13,8,61.5
ad884ffb-69d4-4bfa-b21a-0544e4367f95,98,loss,14435,4:00:00,31,90,34.4,15,50,30.0,16,40,40.0,5,21,27,77.8,11,30,20,10,7,1.82,19,0,0,98,14,19,0,23,9,0,2,1,1,30,6,3,50,41,11,-9,42.8,25,33,15,45.5,101.88,48.1,3,20,2,94,72.0,104.778691735213,96.1915979583824,0,107,101.88,102.12,4:19,1.05,0.96,2,21,8,5,62.5,14,6,42.9
03f3383b-48d8-4380-9868-4cce752a7297,87,loss,14221,4:00:00,35,86,40.7,9,38,23.7,26,48,54.2,5,8,12,66.7,11,36,21,10,3,1.0,22,0,0,87,18,7,1,16,6,0,1,0,0,46,6,0,53,47,21,-12,45.9,26,39,23,59.0,91.28,47.7,1,18,5,82,54.7,103.340292275574,85.0606179116152,0,99,102.28,95.8,00:43,0.97,0.85,0,22,12,3,25.0,13,6,46.2
2a2f1133-de1a-44e6-a3f6-55e25bad3313,112,win,15218,4:00:00,41,87,47.1,16,37,43.2,25,50,50.0,4,14,15,93.3,13,32,24,7,5,2.0,18,0,0,112,5,19,3,19,5,0,0,1,1,40,3,2,50,45,12,13,56.3,42,39,20,51.3,93.6,59.8,27,14,0,126,93.9,107.050173010381,117.154811715481,0,99,95.6,92.48,37:17,1.04,1.17,2,20,14,9,64.3,7,2,28.6
569f90da-90ba-4b6d-9476-bba63a6eb5dd,121,loss,18354,4:25:00,48,108,44.4,13,36,36.1,35,72,48.6,10,12,22,54.5,16,43,33,10,6,2.2,22,0,0,121,29,15,1,17,5,0,0,1,1,64,5,0,64,59,15,-4,50.5,51,56,32,57.1,117.68,51.4,12,21,4,133,98.2,105.325244354567,102.821210061183,0,125,117.68,118.68,22:26,1.06,1.03,2,24,15,6,40.0,13,10,76.9
d4033926-7cca-40e8-8487-477bfa052ce2,116,win,19337,4:00:00,43,93,46.2,12,43,27.9,31,50,62.0,3,18,25,72.0,14,36,25,9,7,1.79,22,0,0,116,16,9,1,20,10,0,0,0,0,38,5,5,60,50,14,10,52.7,52,30,19,63.3,104.0,55.8,12,21,4,132,94.5,102.474864655839,110.47619047619,0,106,105.0,103.44,28:34,1.01,1.1,0,22,11,4,36.4,9,5,55.6
303ada88-e84a-40dc-89fa-d3b932e45496,111,loss,14082,4:00:00,43,88,48.9,15,40,37.5,28,48,58.3,4,10,13,76.9,8,25,22,6,2,1.22,21,0,0,111,2,19,1,24,12,0,0,0,0,48,8,4,45,33,18,-9,57.4,30,39,24,61.5,93.72,59.2,12,14,1,97,74.9,119.331742243437,105.996944232238,0,120,104.72,100.56,22:14,1.15,1.06,0,21,12,8,66.7,4,1,25.0
21be4acd-531e-4cc4-94b9-672ad2b5e3e5,99,loss,15541,4:00:00,40,93,43.0,11,36,30.6,29,57,50.9,4,8,9,88.9,9,35,24,5,6,2.67,19,0,0,99,12,12,1,13,7,0,0,1,0,48,5,2,51,44,9,-3,48.9,28,41,24,58.5,96.96,51.1,16,14,2,106,75.7,109.114249037227,101.061657819518,0,102,97.96,93.48,33:56,1.04,1.01,1,20,10,5,50.0,6,5,83.3
9b6546d0-81fb-4dd6-849c-ca1fb00d36b2,107,loss,noinfo,4:00:00,37,85,43.5,10,29,34.5,27,56,48.2,7,23,28,82.1,10,27,18,9,5,1.38,21,0,0,107,6,14,0,20,7,0,1,0,0,50,6,1,44,37,13,-9,49.4,35,48,25,52.1,97.32,55.0,6,20,1,101,79.1,113.993710691824,106.658692185008,0,116,100.32,101.76,6:55,1.16,1.07,0,21,11,6,54.5,8,3,37.5
f9719b3a-551c-4a1c-a753-c01cb0f5a768,93,loss,17732,4:00:00,33,85,38.8,14,43,32.6,19,42,45.2,2,13,14,92.9,4,38,21,7,7,1.4,24,0,0,93,17,4,1,19,3,0,0,0,0,34,2,1,45,42,15,-13,47.1,21,33,17,51.5,91.16,51.0,8,19,4,95,62.5,100.531107738998,90.1512214036448,0,106,103.16,105.44,6:56,1.03,0.9,0,24,5,2,40.0,12,7,58.3
264b7a63-6c81-48c1-8bd9-154907143a33,108,loss,17341,4:00:00,39,95,41.1,14,51,27.5,25,44,56.8,4,16,21,76.2,13,30,22,10,3,2.75,18,0,0,108,18,13,1,16,9,0,0,1,1,38,6,3,52,43,8,-5,48.4,24,34,19,55.9,104.24,51.8,0,20,0,115,85.5,107.129313613955,107.741420590583,0,113,100.24,105.48,00:00,1.13,1.08,2,20,13,6,46.2,11,7,63.6
ed4da153-4b19-437a-bb1c-bd18167f2ca3,116,win,16241,4:00:00,39,84,46.4,15,36,41.7,24,48,50.0,3,23,31,74.2,13,35,22,11,6,1.69,20,0,0,116,13,20,1,30,8,0,1,0,0,44,5,3,56,48,13,20,55.4,42,38,22,57.9,97.64,59.4,26,26,2,139,98.8,91.1161731207289,117.599351175994,0,96,98.64,105.36,22:30,0.97,1.18,0,20,11,7,63.6,8,5,62.5
57fd950d-6e5c-437a-a086-b520f97870a2,79,loss,13276,4:00:00,31,87,35.6,9,41,22.0,22,46,47.8,3,8,13,61.5,9,27,19,13,2,1.36,24,0,0,79,10,3,0,15,8,0,0,1,0,34,4,4,44,36,14,-13,40.8,18,36,17,47.2,92.72,42.6,0,14,2,61,47.0,92.110532639167,80.8432255423659,0,92,97.72,99.88,00:00,0.94,0.81,1,25,9,1,11.1,10,4,40.0
48f402df-7f7a-478d-89ee-ad1f0db2e7d7,122,win,13653,4:00:00,46,99,46.5,13,34,38.2,33,65,50.8,3,17,21,81.0,14,37,26,6,4,4.33,16,0,0,122,0,17,3,11,6,0,2,0,0,60,5,1,57,51,6,11,53.0,21,55,30,54.5,108.24,56.4,20,16,1,141,105.0,109.727164887307,118.171251452925,0,111,103.24,101.16,39:57,1.08,1.18,0,16,11,6,54.5,2,0,0.0
e5612767-763a-4b2a-b9a7-78591e127f2d,110,win,20017,4:00:00,38,76,50.0,12,27,44.4,26,49,53.1,4,22,24,91.7,6,40,22,7,9,1.1,23,0,1,110,20,7,1,20,6,0,1,0,0,42,6,0,52,46,20,8,57.9,35,36,21,58.3,86.56,63.5,22,22,3,128,86.9,100.117785630153,108.310358408822,0,102,101.56,101.88,39:11,1.0,1.08,0,23,8,3,37.5,8,7,87.5
9e3f4dd3-b712-4adf-946a-f7cc679e194e,103,loss,20972,4:00:00,36,84,42.9,11,32,34.4,25,52,48.1,7,20,22,90.9,5,32,25,6,5,3.57,18,0,0,103,8,4,0,12,7,1,0,0,0,40,4,3,44,37,7,-1,49.4,24,35,20,57.1,93.68,55.0,4,21,0,115,83.7,108.559498956159,107.650501672241,0,104,95.68,95.8,3:50,1.09,1.08,0,18,7,2,28.6,4,3,75.0
26ceccd7-cb0a-4f23-9182-16e77852c2c9,104,win,19228,4:00:00,41,89,46.1,18,45,40.0,23,44,52.3,11,4,13,30.8,9,36,18,4,7,1.5,19,0,0,104,4,11,1,20,12,0,0,0,0,40,10,2,57,45,12,5,56.2,41,38,20,52.6,94.72,54.9,11,16,2,95,73.5,100.405679513185,105.348460291734,0,99,98.72,98.6,17:15,1.0,1.05,0,19,9,4,44.4,5,1,20.0
7e2b7854-b159-41ad-94d0-d4e10bf049e2,101,loss,18064,4:25:00,39,90,43.3,14,40,35.0,25,50,50.0,9,9,12,75.0,7,41,29,8,7,1.32,17,0,0,101,19,10,1,23,6,0,0,0,0,48,5,1,54,48,22,-3,51.1,32,44,24,54.5,95.28,53.0,19,14,1,105,74.0,93.5588341129903,90.7620416966211,0,104,111.28,111.16,41:45,0.93,0.91,0,17,7,3,42.9,13,8,61.5
3dbbe8a9-4d14-4fce-ac55-7757fd262e86,110,win,19800,4:00:00,43,86,50.0,9,30,30.0,34,56,60.7,5,15,22,68.2,9,31,18,11,2,2.57,18,0,0,110,13,16,1,22,7,1,0,0,0,38,6,1,47,40,7,1,55.2,27,30,19,63.3,95.68,57.5,12,24,2,125,90.6,110.056542810985,116.180819602873,0,109,94.68,99.04,30:33,1.15,1.16,0,18,10,6,60.0,7,5,71.4
f3696d37-afdb-4141-8b8f-ccc5c0d94247,114,win,19600,4:00:00,43,91,47.3,9,35,25.7,34,56,60.7,6,19,19,100.0,16,44,23,6,3,1.35,20,0,0,114,9,22,1,11,6,0,0,0,0,54,5,1,66,60,17,15,52.2,40,39,27,69.2,99.36,57.4,26,17,3,132,91.1,99.3178170144462,112.470402525651,0,99,101.36,99.68,43:35,0.98,1.12,0,20,11,6,54.5,6,4,66.7
0897ca0c-4c87-4aa0-a4a4-4f0074ef2db9,106,win,18315,4:00:00,43,83,51.8,11,36,30.6,32,47,68.1,3,9,13,69.2,5,46,28,8,3,1.47,24,0,0,106,15,8,1,18,11,0,1,0,0,50,7,4,62,51,19,31,58.4,45,34,25,73.5,88.72,59.7,35,17,3,122,81.9,75.8495145631068,102.198225993058,0,75,103.72,98.88,46:48,0.72,1.02,0,24,7,4,57.1,8,5,62.5
354cdcbb-e34d-4677-96d7-ca070e8e9a90,111,win,16510,4:00:00,41,98,41.8,19,41,46.3,22,57,38.6,5,10,16,62.5,16,47,21,8,6,1.5,19,0,0,111,11,21,0,17,10,0,1,0,0,36,7,3,73,63,14,19,51.5,37,43,18,41.9,105.04,52.8,20,14,3,121,87.0,91.0530482977039,107.725155279503,0,92,103.04,101.04,37:59,0.89,1.08,0,19,17,8,47.1,7,4,57.1
3558f62a-7177-42f9-9d0c-7a5e267e0bde,113,win,18997,4:00:00,46,84,54.8,12,27,44.4,34,57,59.6,1,9,10,90.0,11,31,24,9,6,1.2,20,0,0,113,13,18,2,20,8,0,0,0,0,60,7,1,50,42,20,12,61.9,45,44,30,68.2,88.4,63.9,15,13,1,127,91.2,105.560200668896,113.682092555332,0,101,99.4,95.68,17:53,1.02,1.14,0,20,12,7,58.3,8,6,75.0
8bacbb8b-ce00-4bbd-a8e4-bd3f6af9a0e5,110,win,11423,4:00:00,36,89,40.4,14,43,32.6,22,46,47.8,6,24,30,80.0,17,31,26,12,6,2.0,18,0,0,110,4,22,3,17,13,0,0,0,0,42,8,5,61,48,13,7,48.3,59,40,21,52.5,102.2,53.8,18,21,2,127,95.1,103.413654618474,108.695652173913,0,103,101.2,99.6,39:11,1.02,1.09,0,18,14,7,50.0,7,2,28.6
97d2881c-8b74-4737-b3ce-0d066458add2,117,loss,16508,4:00:00,42,92,45.7,11,33,33.3,31,59,52.5,4,22,24,91.7,12,31,30,7,3,2.73,24,0,0,117,24,12,1,15,8,0,0,0,0,52,6,2,51,43,11,-6,51.6,32,43,26,60.5,102.56,57.0,0,21,2,130,95.8,124.242424242424,114.079563182527,0,123,102.56,99.0,00:00,1.2,1.14,0,24,12,4,33.3,14,9,64.3
89c11ef3-6633-46d3-8d93-ae7a9b0ee05b,122,win,20031,4:00:00,46,86,53.5,12,38,31.6,34,48,70.8,1,18,19,94.7,5,32,24,11,6,2.0,24,0,0,122,34,12,0,28,10,0,0,1,0,60,4,6,47,37,12,28,60.5,44,36,30,83.3,94.36,64.6,33,17,4,139,103.3,91.8327471668621,120.363062352013,0,94,101.36,102.36,44:28,0.93,1.2,1,25,4,4,100.0,15,13,86.7
0edbfaa9-4c1c-4cbb-9bf0-410492eeea57,93,loss,17341,4:00:00,36,89,40.4,10,39,25.6,26,50,52.0,3,11,16,68.8,9,43,20,6,2,1.05,18,0,0,93,15,13,2,10,8,0,0,0,0,44,4,4,60,52,19,-9,46.1,24,40,22,55.0,96.04,48.4,7,13,2,88,57.5,94.8307921160283,86.0792299148464,0,102,108.04,107.56,10:51,0.94,0.86,0,18,8,6,75.0,12,6,50.0
fbe138ff-1dcf-4f13-a805-4cbe0e3ffd35,103,loss,15989,4:00:00,34,88,38.6,16,50,32.0,18,38,47.4,2,19,21,90.5,8,24,26,14,7,1.86,17,0,0,103,22,9,0,21,9,0,1,0,0,34,6,3,41,32,14,-26,47.7,32,31,17,54.8,97.24,53.0,0,17,2,109,83.3,124.806501547988,99.7675319643549,0,129,103.24,103.36,00:00,1.25,1.0,0,17,11,4,36.4,10,7,70.0
5a87e7ac-e6ff-4837-b841-25b435ee718a,103,win,18064,4:00:00,39,92,42.4,21,54,38.9,18,38,47.4,6,4,8,50.0,10,46,30,9,8,2.0,21,0,0,103,10,5,1,12,5,0,0,0,0,28,4,1,61,56,15,21,53.8,34,29,14,48.3,95.52,53.9,31,8,2,115,85.6,77.9171417711896,101.457840819543,0,82,101.52,105.24,47:40,0.81,1.01,0,21,8,2,25.0,10,4,40.0
830509b6-a19b-4426-bcda-8f6705efe455,101,win,14516,4:00:00,39,84,46.4,6,26,23.1,33,58,56.9,3,17,27,63.0,8,44,27,12,3,2.08,14,0,0,101,24,3,2,18,9,0,0,0,0,44,8,1,61,52,13,9,50.0,25,34,22,64.7,95.88,52.7,24,21,2,131,87.0,89.2510671323244,98.1726283048211,0,92,102.88,103.08,24:44,0.89,0.98,0,14,6,1,16.7,16,11,68.8
0b890f5b-4ed1-44ad-bb81-029641fa4c8d,95,loss,17341,4:00:00,39,96,40.6,12,41,29.3,27,55,49.1,10,5,6,83.3,13,31,16,7,3,1.78,22,0,0,95,20,18,2,18,8,0,0,0,0,44,7,1,52,44,9,-12,46.9,26,43,22,51.2,98.64,48.2,0,10,1,76,63.9,115.20241171404,98.3029801324503,0,107,96.64,92.88,00:00,1.11,0.98,0,22,10,6,60.0,10,9,90.0
bd96862c-6c27-43a6-ba6f-415d93d73b31,125,win,14960,4:00:00,46,89,51.7,20,42,47.6,26,47,55.3,5,13,21,61.9,10,34,36,4,6,4.5,18,0,0,125,11,16,1,11,7,0,0,0,0,44,6,1,51,44,8,12,62.9,49,40,22,55.0,98.24,63.6,13,18,2,151,113.3,114.326183731283,128.54792266557,0,113,97.24,98.84,26:38,1.16,1.29,0,18,10,6,60.0,7,4,57.1
ee7ba8bb-6024-492a-b991-c0e9424bffd4,95,win,16448,4:00:00,39,96,40.6,9,31,29.0,30,65,46.2,3,8,13,61.5,10,33,22,15,9,1.83,20,0,0,95,20,10,2,32,8,0,0,0,0,44,5,3,51,43,12,10,45.3,33,42,22,52.4,101.72,46.7,28,18,1,105,75.0,80.3706505295008,89.8600075671585,0,85,105.72,105.76,45:03,0.8,0.9,0,20,11,5,45.5,16,9,56.3
a6e0b16f-b003-4a2e-bf98-71b251b54c1e,131,win,10227,4:00:00,52,91,57.1,18,38,47.4,34,53,64.2,4,9,12,75.0,10,29,37,11,4,2.64,19,0,0,131,13,13,2,29,6,0,0,0,0,62,4,2,45,39,14,13,67.0,44,46,31,67.4,96.28,68.0,26,9,3,152,120.7,113.287250384025,128.079780993352,0,118,102.28,104.16,46:09,1.15,1.28,0,19,11,5,45.5,8,4,50.0
b1b0d309-62b4-46fa-b6e9-a3155a7875b4,110,loss,13889,4:00:00,42,101,41.6,15,39,38.5,27,62,43.5,7,11,15,73.3,20,26,27,12,12,1.59,23,0,1,110,18,21,0,24,11,0,1,2,0,50,9,2,57,46,17,-3,49.0,36,52,25,48.1,107.6,51.1,3,14,2,110,89.4,106.886114264094,105.162523900574,0,113,104.6,105.72,3:08,1.08,1.05,2,25,21,8,38.1,11,8,72.7
a992fcbc-f55c-46a0-9659-42dde5754ebd,118,win,14632,4:00:00,38,83,45.8,13,34,38.2,25,49,51.0,4,29,29,100.0,13,34,24,9,5,2.18,17,0,0,118,2,14,0,13,3,0,0,0,0,42,2,1,50,47,11,7,53.6,37,37,21,56.8,95.76,61.6,17,24,2,150,105.9,113.219094247246,125.853242320819,0,111,93.76,98.04,40:12,1.18,1.26,0,17,10,4,40.0,2,0,0.0
28208a83-c323-49c6-8010-384e5e76c4a9,106,win,12683,4:00:00,44,97,45.4,13,34,38.2,31,63,49.2,8,5,7,71.4,11,44,20,8,4,1.67,18,0,0,106,13,14,1,12,8,0,1,0,0,58,8,0,63,55,12,9,52.1,43,55,29,52.7,100.08,53.0,14,10,1,109,81.4,96.4214711729622,103.84012539185,0,97,102.08,100.6,40:49,0.95,1.04,0,18,13,6,46.2,9,5,55.6
9c0360b7-9c4f-4ca9-a278-07cde0d06b56,99,win,13722,4:00:00,35,92,38.0,15,42,35.7,20,50,40.0,6,14,19,73.7,13,38,18,8,5,1.5,14,0,0,99,20,12,2,19,11,0,0,1,0,32,8,3,62,51,12,5,46.2,30,36,16,44.4,100.36,49.3,5,18,1,105,73.6,91.2267080745342,97.6716653512234,0,94,101.36,103.04,1:22,0.93,0.98,1,15,16,6,37.5,17,7,41.2
e1c498c6-b5bb-4a7b-959a-95e396b2ca20,89,loss,9254,4:00:00,30,93,32.3,8,47,17.0,22,46,47.8,8,21,30,70.0,14,29,21,5,5,1.5,22,0,0,89,6,10,0,23,12,0,1,0,0,38,10,2,55,43,14,-28,36.6,45,40,19,47.5,106.2,41.9,2,23,5,69,51.2,115.566969577242,83.804143126177,0,117,106.2,101.24,00:55,1.1,0.84,0,22,18,4,22.2,7,3,42.9
798dd669-8de0-40d8-8972-2a2f82459371,119,win,18306,4:00:00,43,98,43.9,14,48,29.2,29,50,58.0,8,19,27,70.4,15,44,16,7,6,1.0,23,0,0,119,7,33,1,17,15,0,0,1,0,54,14,1,74,59,16,6,51.0,19,46,27,58.7,109.88,54.1,9,24,3,121,85.3,104.089904200442,106.363961387201,0,113,111.88,108.56,35:49,1.01,1.06,1,24,18,12,66.7,6,3,50.0
1a9b21ea-da56-41f1-aca3-2868feb3696d,119,win,18997,4:00:00,49,93,52.7,6,25,24.0,43,68,63.2,4,15,20,75.0,11,32,26,10,4,1.53,19,0,0,119,23,16,0,26,10,0,2,2,1,78,7,3,53,43,17,2,55.9,26,57,39,68.4,101.8,58.4,8,21,4,132,95.2,106.093579978237,110.38961038961,0,117,107.8,110.28,15:53,1.09,1.1,3,22,10,6,60.0,17,11,64.7
072620d5-0886-4d5d-aaa6-00612dee8421,107,win,16231,4:00:00,39,74,52.7,15,30,50.0,24,44,54.5,6,14,18,77.8,5,38,29,4,2,1.71,14,0,0,107,5,7,2,5,8,0,0,0,0,40,5,3,51,43,17,3,62.8,25,37,20,54.1,81.92,65.3,12,19,0,128,87.2,107.794361525705,111.551292743953,0,104,95.92,96.48,34:51,1.08,1.12,0,14,5,2,40.0,3,2,66.7
7185652b-e6e9-42d8-97b6-150a71b3f8f2,100,loss,13538,4:00:00,34,78,43.6,8,32,25.0,26,46,56.5,3,24,30,80.0,10,34,19,6,7,1.46,15,0,0,100,6,23,0,10,5,0,1,0,0,40,3,2,49,44,13,-9,48.7,44,35,20,57.1,91.2,54.8,4,23,1,117,79.0,110.323886639676,106.157112526539,0,109,94.2,98.8,3:00,1.16,1.06,0,15,10,9,90.0,4,3,75.0
b160d918-1cd3-4335-b76a-876c33d923a8,103,win,20438,4:00:00,38,77,49.4,12,28,42.9,26,49,53.1,4,15,21,71.4,5,30,24,9,4,1.71,15,0,0,103,11,4,0,20,6,0,0,1,0,36,2,4,41,35,14,5,57.1,30,33,18,54.5,86.24,59.7,18,17,0,114,83.0,101.114321089558,108.147837043259,0,98,95.24,96.92,46:58,1.03,1.08,1,16,5,1,20.0,8,4,50.0
de364c5b-5c88-4a1a-8894-3e6d1d62e525,117,win,17323,4:00:00,43,88,48.9,22,48,45.8,21,40,52.5,4,9,12,75.0,7,35,34,7,8,2.43,18,0,0,117,28,0,2,26,7,0,0,0,0,28,1,6,49,42,14,9,61.4,34,29,14,48.3,93.28,62.7,17,16,2,140,102.0,105.263157894737,114.391865467345,0,108,102.28,102.6,30:42,1.06,1.14,0,18,6,0,0.0,13,11,84.6
93596645-4ba3-40b4-9a0b-f68201411246,108,win,12977,4:00:00,42,81,51.9,16,34,47.1,26,47,55.3,4,8,14,57.1,3,33,28,9,7,2.55,16,0,0,108,15,6,1,8,7,0,0,1,0,46,6,1,43,36,11,2,61.7,34,40,23,57.5,87.16,62.0,20,16,1,128,93.8,108.473188702415,112.312811980033,0,106,96.16,97.72,33:51,1.1,1.12,1,17,4,3,75.0,12,6,50.0
42085910-63cf-41f4-a959-853d45a161e0,108,loss,16356,4:00:00,43,88,48.9,7,21,33.3,36,67,53.7,4,15,20,75.0,5,35,25,10,10,1.67,24,0,1,108,23,6,0,19,7,0,0,0,0,66,4,3,47,40,15,-1,52.8,38,56,33,58.9,96.8,55.8,10,23,1,123,85.5,99.3075801749271,101.123595505618,0,109,106.8,109.76,12:29,1.02,1.01,0,24,6,3,50.0,11,9,81.8
3a12ee5a-316c-4fa0-b5d0-bcb2664c5d17,112,win,0,4:00:00,42,80,52.5,10,30,33.3,32,50,64.0,3,18,22,81.8,4,33,27,8,7,3.38,21,0,0,112,18,6,0,16,6,0,2,0,0,54,4,2,43,37,8,13,58.8,35,38,27,71.1,89.68,62.4,16,16,4,131,99.3,97.4409448818898,119.555935098207,0,99,93.68,101.6,33:47,1.06,1.2,0,21,3,2,66.7,10,7,70.0
889a62ca-4a99-4072-8883-5c125cf01f60,98,loss,8702,4:00:00,35,87,40.2,11,36,30.6,24,51,47.1,3,17,19,89.5,12,29,21,6,2,1.91,18,0,0,98,9,10,0,16,5,0,0,1,0,40,5,0,46,41,11,-11,46.6,30,38,20,52.6,95.36,51.4,8,17,1,99,71.3,117.608977125593,103.857566765579,0,109,94.36,92.68,11:28,1.16,1.04,1,19,13,3,23.1,4,4,100.0
7e3ab0e3-8a1c-4eef-a035-362e648cc54e,98,loss,16590,4:00:00,35,82,42.7,7,28,25.0,28,54,51.9,4,21,26,80.8,5,27,18,11,4,2.0,24,0,0,98,6,7,0,16,9,0,0,0,0,38,7,2,41,32,9,-18,47.0,29,34,19,55.9,93.44,52.4,9,20,0,94,72.0,115.860966839792,100.574712643678,0,116,97.44,100.12,28:04,1.19,1.01,0,24,7,2,28.6,6,3,50.0
20d23777-9f90-4b8e-b491-214977094a23,123,win,15058,4:00:00,44,93,47.3,14,31,45.2,30,62,48.4,4,21,23,91.3,13,33,29,12,8,2.42,24,0,1,123,24,14,0,27,6,0,2,0,0,54,2,4,52,46,12,12,54.8,52,47,27,57.4,103.12,59.6,15,21,1,146,110.0,98.8247863247863,120.446533490012,0,111,102.12,112.32,30:35,1.09,1.2,0,24,11,6,54.5,18,10,55.6
3a06ec52-5a35-4b10-a0af-33e1f4be2f72,90,loss,14235,4:00:00,33,87,37.9,11,34,32.4,22,53,41.5,4,13,18,72.2,7,37,17,11,6,1.31,22,0,0,90,13,6,1,21,7,0,1,0,0,38,7,0,51,44,13,-6,44.3,41,40,19,47.5,94.92,47.4,3,21,4,90,61.6,96.8132311415894,88.3045525902669,0,96,101.92,99.16,7:34,0.94,0.88,0,22,7,2,28.6,9,6,66.7
3a8d4363-2673-4bd4-b796-e2cf653cd81c,89,loss,14101,4:00:00,35,89,39.3,12,41,29.3,23,48,47.9,7,7,10,70.0,7,36,23,9,12,1.28,13,0,0,89,12,8,0,11,10,0,0,0,0,40,7,3,53,43,18,-13,46.1,24,40,20,50.0,93.4,47.6,5,14,1,95,65.5,96.2990936555891,85.2490421455939,0,102,104.4,105.92,3:25,0.98,0.85,0,13,9,3,33.3,11,5,45.5
308c9d47-f541-4968-91b4-15ee38d2d2b8,98,loss,17341,4:00:00,33,82,40.2,16,43,37.2,17,39,43.6,4,16,21,76.2,7,30,19,5,5,1.27,20,0,0,98,10,5,0,15,6,0,0,1,1,28,4,2,43,37,15,-15,50.0,36,28,14,50.0,91.24,53.7,21,17,0,88,64.5,110.308473252636,98.7505038291012,0,113,99.24,102.44,33:01,1.14,0.99,2,22,5,2,40.0,8,4,50.0
156ec146-e7a9-45ab-8731-64d0d78e1c3e,84,loss,17136,4:00:00,31,89,34.8,17,52,32.7,14,37,37.8,4,5,7,71.4,7,35,17,8,7,0.81,33,0,2,84,3,12,1,22,7,0,0,0,0,22,5,2,49,42,21,-20,44.4,32,30,11,36.7,92.08,45.6,20,16,6,56,39.3,99.9231360491929,78.4460216660441,0,104,107.08,104.08,28:35,0.97,0.78,0,33,7,5,71.4,5,1,20.0
616ba450-307d-4c7c-a2d0-8dbc205a6793,110,win,16841,4:00:00,40,82,48.8,17,39,43.6,23,43,53.5,2,13,15,86.7,6,36,27,7,4,2.08,15,0,0,110,17,7,1,10,4,0,0,0,0,36,3,1,46,42,13,4,59.1,25,33,18,54.5,88.6,62.1,16,18,3,134,92.5,109.958506224066,113.871635610766,0,106,96.6,96.4,36:44,1.1,1.14,0,15,5,3,60.0,7,5,71.4
d7e58199-c347-4469-9302-4f4757db865a,140,win,14905,4:00:00,48,87,55.2,22,44,50.0,26,43,60.5,5,22,26,84.6,13,43,29,5,1,1.61,21,0,0,140,14,15,0,16,6,0,0,0,0,46,5,1,62,56,18,30,67.8,58,35,23,65.7,98.44,71.1,30,19,4,163,118.3,105.52570990023,135.344160866203,0,110,103.44,104.24,46:00,1.06,1.35,0,21,11,7,63.6,8,6,75.0
475e1bd3-6dbd-4ac3-b3a6-951718e7d0ec,95,win,16046,4:00:00,36,89,40.4,9,40,22.5,27,49,55.1,6,14,17,82.4,10,35,19,10,5,1.73,20,0,0,95,14,10,0,19,4,0,0,0,0,38,3,1,49,45,11,1,45.5,32,40,19,47.5,96.48,49.2,8,16,2,97,71.2,98.3675177898702,97.4558883873615,0,94,97.48,95.56,28:42,0.96,0.97,0,20,9,3,33.3,17,6,35.3
7c1a74b7-f689-4345-ad37-15cb6f54352c,118,win,19600,4:00:00,47,78,60.3,11,21,52.4,36,57,63.2,3,13,17,76.5,7,29,30,3,1,2.14,18,0,0,118,7,21,0,8,9,0,1,0,0,48,4,5,45,36,14,3,67.3,45,38,24,63.2,85.48,69.0,19,19,0,136,97.7,127.268702965914,127.595155709343,0,115,92.48,90.36,41:49,1.24,1.28,0,18,10,9,90.0,5,3,60.0
3e1c1b0a-348b-4f31-8ff2-4c42e56fd316,105,loss,20936,4:00:00,37,92,40.2,7,29,24.1,30,63,47.6,5,24,30,80.0,18,28,20,7,1,2.22,19,0,0,105,13,22,0,23,9,0,0,0,0,48,7,2,55,46,9,-9,44.0,27,41,24,58.5,105.2,49.9,6,22,1,107,79.1,117.09120788825,109.147609147609,0,114,96.2,97.36,13:33,1.19,1.09,0,19,18,10,55.6,11,6,54.5
7e7c87a4-45dd-4207-9aec-69ac122ca521,121,win,15412,4:00:00,45,88,51.1,14,43,32.6,31,45,68.9,1,17,21,81.0,5,37,26,8,6,2.17,22,0,0,121,14,0,0,12,6,0,0,0,0,48,2,4,48,42,12,4,59.1,38,36,24,66.7,97.24,62.2,6,16,2,137,100.0,111.301369863014,116.078280890253,0,117,104.24,105.12,18:08,1.12,1.16,0,22,3,0,0.0,11,7,63.6
8799dc57-2827-446d-b7a1-af706c9f3709,103,loss,19800,4:00:00,41,87,47.1,7,30,23.3,34,57,59.6,0,14,18,77.8,8,27,23,10,6,2.88,16,0,0,103,15,9,0,21,6,0,0,2,0,54,4,2,41,35,8,-13,51.1,29,44,27,61.4,94.92,54.3,7,15,1,118,86.5,125.0,108.512431521281,0,116,94.92,92.8,11:07,1.22,1.09,2,18,7,4,57.1,10,7,70.0
60a23214-3eef-4a98-9738-8503856af908,91,loss,12993,4:00:00,31,84,36.9,10,34,29.4,21,50,42.0,7,19,22,86.4,8,25,20,14,6,1.67,18,0,0,91,18,16,0,24,8,0,0,0,0,42,5,3,41,33,12,-3,42.9,24,42,21,50.0,93.68,48.6,3,24,1,95,69.5,95.0262838657501,93.1613431613432,0,94,97.68,98.92,2:09,0.96,0.93,0,18,8,5,62.5,12,8,66.7
adb6e5f4-1c16-43d2-88af-309e17fced36,101,win,15570,4:00:00,41,81,50.6,11,27,40.7,30,54,55.6,3,8,13,61.5,4,38,24,8,8,1.26,16,0,0,101,11,8,0,12,11,0,0,0,0,50,8,3,53,42,19,7,57.4,34,45,25,55.6,86.72,58.2,12,10,2,110,77.9,95.0262838657501,99.2921745969328,0,94,101.72,98.92,32:02,0.92,0.99,0,16,6,3,50.0,6,4,66.7
d59b263a-119f-490d-ac24-97de9d8c9803,109,loss,19040,4:00:00,39,85,45.9,9,31,29.0,30,54,55.6,2,22,24,91.7,7,25,21,9,9,2.1,14,0,0,109,10,12,1,16,5,0,0,0,0,54,2,3,37,32,10,-17,51.2,44,43,27,62.8,95.56,57.0,7,18,2,124,91.1,124.950416501388,109.481719566091,0,126,99.56,100.84,13:28,1.27,1.09,0,14,4,3,75.0,8,4,50.0
b4fd403d-1d44-4e1b-b371-8ab6df79e9e8,120,win,18064,4:00:00,44,85,51.8,15,46,32.6,29,39,74.4,3,17,20,85.0,7,34,31,12,3,2.07,28,0,0,120,36,6,2,33,7,0,0,1,0,48,5,2,48,41,15,13,60.6,50,31,24,77.4,93.8,64.0,21,16,1,133,101.6,102.608362102033,115.606936416185,0,107,103.8,104.28,44:11,1.03,1.16,1,29,7,3,42.9,15,11,73.3
9da6a87e-1a4c-416e-ba80-864dcb8c9d0b,120,win,15781,4:00:00,41,86,47.7,18,48,37.5,23,38,60.5,2,20,21,95.2,7,43,24,8,5,1.2,16,0,0,120,14,8,0,19,9,1,0,0,0,38,6,3,59,50,20,14,58.1,44,25,19,76.0,95.24,63.0,14,21,1,144,95.5,96.433770014556,110.864745011086,0,106,108.24,109.92,22:12,0.98,1.11,0,16,7,2,28.6,10,5,50.0
55bcaa54-003f-4d6a-b523-b5fc57bdb710,118,win,19459,4:00:00,46,98,46.9,9,31,29.0,37,67,55.2,7,17,20,85.0,15,41,21,8,5,2.33,17,0,0,118,9,17,0,17,6,0,0,0,0,54,3,3,62,56,9,23,51.5,33,47,27,57.4,106.8,55.2,23,16,0,136,99.8,91.9117647058824,117.063492063492,0,95,100.8,103.36,28:53,0.94,1.17,0,17,15,8,53.3,9,3,33.3
eb0fd977-7659-438e-a1e6-1920aa79e1c3,125,win,12416,4:25:00,46,92,50.0,11,28,39.3,35,64,54.7,8,22,26,84.6,15,36,28,7,8,2.15,22,0,1,125,23,19,3,28,7,0,0,0,0,56,3,4,58,51,13,7,56.0,43,53,28,52.8,103.44,60.4,9,27,3,153,109.1,109.13799482057,119.685944082727,0,118,104.44,108.12,23:38,1.13,1.2,0,22,12,7,58.3,17,9,52.9
a13d4980-f46e-4c28-bfba-d77e9d640576,113,win,15577,4:00:00,42,91,46.2,12,41,29.3,30,50,60.0,3,17,24,70.8,12,37,28,7,5,3.11,23,1,0,113,16,19,1,22,14,0,2,1,0,50,11,3,63,49,9,17,52.7,26,36,25,69.4,101.56,55.6,23,20,3,129,94.7,100.0,113.499397348333,0,96,99.56,96.0,46:14,0.96,1.13,1,24,13,6,46.2,13,7,53.8
49ada20a-9e7b-4a2b-8581-c7b5f44a8331,104,loss,13566,4:00:00,37,82,45.1,10,24,41.7,27,58,46.6,9,20,26,76.9,8,38,18,6,6,0.75,18,0,0,104,13,9,0,19,11,0,0,0,0,40,9,2,57,46,24,-5,51.2,33,43,20,46.5,93.44,55.7,5,21,4,99,67.6,101.075667655786,95.0292397660819,0,109,109.44,107.84,5:30,1.0,0.95,0,18,11,4,36.4,8,5,62.5
0fc86de2-6c98-4b1a-a66e-5ee6b9d06126,126,win,18997,4:25:00,44,91,48.4,13,32,40.6,31,59,52.5,3,25,35,71.4,8,43,30,11,8,2.0,23,1,0,126,21,7,0,33,8,1,2,1,0,48,7,1,59,51,15,3,55.5,59,40,24,60.0,106.4,59.2,14,23,2,149,107.8,106.659729448491,111.111111111111,0,123,113.4,115.32,31:15,1.08,1.11,1,24,7,3,42.9,13,8,61.5
d989d9a7-7d46-41c8-bd6a-ac0caeefa0a7,109,loss,20029,4:00:00,42,103,40.8,14,43,32.6,28,60,46.7,6,11,12,91.7,13,33,21,7,7,3.0,20,0,1,109,20,19,0,9,10,0,1,0,0,48,5,5,56,46,7,-9,47.6,30,49,24,49.0,108.28,50.3,13,10,0,104,83.9,116.554721453971,106.570199452483,0,118,102.28,101.24,24:43,1.15,1.07,0,20,16,9,56.3,7,7,100.0
cfcca256-0d40-4de1-b26e-a27e3616546e,117,win,14131,4:00:00,44,85,51.8,16,30,53.3,28,55,50.9,5,13,19,68.4,5,38,25,5,0,3.13,17,0,0,117,14,6,0,11,7,0,0,0,0,44,5,2,50,43,8,8,61.2,26,40,22,55.0,93.36,62.7,12,15,1,128,95.3,112.047697368421,121.419676214197,0,109,96.36,97.28,37:46,1.13,1.21,0,17,5,3,60.0,6,5,83.3
8e82657e-3092-4839-9e12-2e2bf8a47444,94,loss,18056,4:00:00,35,76,46.1,9,31,29.0,26,45,57.8,2,15,21,71.4,6,34,21,7,4,1.5,18,0,0,94,12,11,1,14,5,0,0,0,0,40,3,2,45,40,14,-3,52.0,38,34,20,58.8,85.24,55.1,10,20,3,105,70.1,106.034105815479,99.7453310696095,0,97,94.24,91.48,25:58,1.03,1.0,0,18,5,4,80.0,6,4,66.7
2136fee0-60ad-4c82-9823-b4db0d127efd,104,loss,15350,4:00:00,35,82,42.7,12,34,35.3,23,48,47.9,6,22,34,64.7,8,34,17,5,5,1.31,20,0,0,104,9,16,3,5,18,0,1,0,0,42,14,4,60,42,13,-8,50.0,23,44,21,47.7,96.96000000000001,53.6,8,26,3,100,71.0,108.822386319471,99.0853658536585,0,112,104.96,102.92,16:32,1.07,0.99,0,20,10,5,50.0,4,2,50.0
16089481-9845-4a02-8f9e-a3e07ecaef1d,117,win,20910,4:00:00,45,89,50.6,15,31,48.4,30,58,51.7,4,12,14,85.7,8,38,26,9,2,2.36,15,0,0,117,16,15,0,15,4,0,1,0,0,44,3,1,50,46,11,10,59.0,31,34,22,64.7,95.16,61.5,18,16,0,139,100.5,109.676096760968,119.19315403423,0,107,98.16,97.56,38:25,1.09,1.19,0,15,8,6,75.0,13,7,53.8
2242004e-490e-41b6-9724-65e536cab156,100,loss,15355,4:00:00,34,97,35.1,9,35,25.7,25,62,40.3,4,23,32,71.9,19,31,24,13,5,2.67,20,1,0,100,5,22,1,18,11,0,5,0,0,46,6,5,61,50,9,-8,39.7,17,50,23,46.0,111.08,45.0,8,23,2,105,81.0,102.661596958175,97.9623824451411,0,108,102.08,105.2,7:49,1.06,0.98,0,20,19,8,42.1,5,2,40.0
a3f625a9-cdf5-4c3f-9e72-ab7c9d01175c,136,win,15065,4:00:00,49,92,53.3,18,32,56.3,31,60,51.7,6,20,31,64.5,12,31,34,11,3,4.25,16,0,0,136,10,24,0,22,10,0,0,0,0,48,8,2,53,43,8,19,63.0,65,47,24,51.1,105.64,64.4,25,26,0,169,127.0,114.660917287338,133.805588351043,0,117,101.64,102.04,47:31,1.15,1.34,0,16,11,10,90.9,9,3,33.3
e862d3c7-436d-4244-a878-89ee466d4dd5,101,win,15232,4:00:00,36,84,42.9,12,30,40.0,24,54,44.4,11,17,20,85.0,11,28,19,5,4,1.9,14,0,0,101,6,11,0,15,5,0,0,1,0,42,2,3,44,39,10,3,50.0,39,41,21,51.2,92.8,54.4,8,19,2,101,77.0,104.433077578858,110.021786492375,0,98,91.8,93.84,35:57,1.07,1.1,1,15,12,4,33.3,4,1,25.0
e943f926-5aeb-40d6-9f70-27daa301852a,119,win,15672,4:00:00,49,94,52.1,11,28,39.3,38,66,57.6,2,10,12,83.3,9,30,27,6,6,2.7,20,0,0,119,4,17,1,16,6,0,1,1,0,60,4,2,45,39,10,10,58.0,50,47,30,63.8,99.28,59.9,15,21,2,138,98.4,108.956417433027,117.496050552923,0,109,101.28,100.04,36:22,1.08,1.17,1,21,9,8,88.9,5,2,40.0
ebda91e7-6c31-4569-bbb2-4801bd742fe1,120,win,18997,4:25:00,46,92,50.0,18,38,47.4,28,54,51.9,2,10,16,62.5,9,41,26,5,6,1.18,27,0,1,120,10,6,1,14,10,0,1,0,0,38,6,4,60,50,22,3,59.8,51,36,19,52.8,99.04,60.6,8,25,3,128,84.8,102.272727272727,106.157112526539,0,117,113.04,114.4,24:24,1.04,1.06,0,27,9,2,22.2,8,3,37.5
d5df1a08-9da6-4a99-967a-4a653c4612cd,109,loss,20112,4:00:00,40,88,45.5,11,34,32.4,29,54,53.7,7,18,19,94.7,9,30,29,8,8,2.42,16,0,0,109,9,15,0,10,8,0,0,0,0,52,5,3,47,39,12,-6,51.7,32,48,26,54.2,96.36,56.6,10,18,0,127,93.8,115.601125854443,109.702093397746,0,115,99.36,99.48,18:13,1.16,1.1,0,16,12,6,50.0,8,4,50.0
42c5bcae-c4d9-4e52-b094-30a9b961d8c7,112,win,16150,4:00:00,43,91,47.3,11,37,29.7,32,54,59.3,4,15,17,88.2,9,33,20,9,9,1.67,14,0,0,112,14,18,0,18,8,0,0,0,0,50,7,1,50,42,12,3,53.3,18,42,25,59.5,98.48,56.9,11,21,0,133,92.6,107.410327158061,110.366574694521,0,109,101.48,101.48,22:30,1.07,1.1,0,14,9,7,77.8,9,5,55.6
0741e050-f074-4003-aa38-a76388f4b12d,104,win,19257,4:00:00,39,90,43.3,10,36,27.8,29,54,53.7,5,16,24,66.7,12,37,25,10,5,2.08,18,0,0,104,16,19,2,17,9,0,1,0,0,58,7,2,58,49,12,8,48.9,22,50,29,58.0,100.56,51.7,11,22,1,120,84.7,90.6344410876133,101.404056162246,0,96,102.56,105.92,17:20,0.94,1.01,0,18,11,8,72.7,20,7,35.0
dcf11d5c-c682-4107-8bde-d91e9d01afb2,122,win,19156,4:25:00,47,96,49.0,12,41,29.3,35,55,63.6,3,16,18,88.9,16,37,22,5,7,1.38,12,0,0,122,0,17,1,16,8,0,0,0,0,62,6,2,61,53,16,9,55.2,17,43,31,72.1,103.92,58.7,10,19,2,146,99.6,108.82126348228,116.279069767442,0,113,104.92,103.84,38:51,1.08,1.16,0,12,12,6,50.0,2,0,0.0
2708b24f-887e-4aa0-adfb-b49f01546c4f,94,loss,15886,4:00:00,37,98,37.8,7,33,21.2,30,65,46.2,6,13,23,56.5,17,42,19,6,6,1.27,16,0,0,94,16,19,0,12,7,0,0,0,0,58,7,0,66,59,15,-25,41.3,32,56,29,51.8,108.12,43.5,0,22,1,98,62.8,112.306530766327,88.5789672069356,0,119,106.12,105.96,00:00,1.12,0.89,0,16,14,8,57.1,16,7,43.8
3896bcc6-e9c4-4fe3-b4ea-84c7ca326ed2,105,win,12881,4:00:00,42,99,42.4,10,30,33.3,32,69,46.4,7,11,15,73.3,16,36,13,8,6,1.3,18,0,0,105,0,18,0,15,9,0,0,0,0,56,5,4,61,52,10,2,47.5,37,60,28,46.7,105.6,49.7,5,12,3,100,77.0,97.6488433826318,105.421686746988,0,103,99.6,105.48,5:10,1.03,1.05,0,18,16,8,50.0,1,0,0.0
a1ce2345-56e1-489e-8bd8-48d8638c24a2,112,loss,14650,4:00:00,43,88,48.9,13,32,40.6,30,56,53.6,4,13,16,81.3,12,31,26,6,5,1.73,26,0,1,112,15,11,1,10,6,0,0,0,0,50,5,1,49,43,15,-8,56.3,32,45,25,55.6,95.04,58.9,5,20,4,119,86.4,121.359223300971,113.085621970921,0,120,99.04,98.88,5:01,1.21,1.13,0,26,15,5,33.3,8,6,75.0
48e13195-522a-4d51-bafc-52f708902d6a,109,loss,13425,4:00:00,41,84,48.8,13,30,43.3,28,54,51.9,7,14,20,70.0,3,38,30,3,3,2.31,17,0,1,109,5,13,0,6,8,0,0,0,0,46,6,2,49,41,13,-14,56.5,48,44,23,52.3,92.8,58.7,5,18,1,118,84.0,117.861249520889,106.031128404669,0,123,102.8,104.36,3:42,1.2,1.06,0,17,4,4,100.0,7,2,28.6
018d12d0-ba30-47fc-9eb0-730a4cc7ca84,119,win,18064,4:00:00,45,93,48.4,15,46,32.6,30,47,63.8,2,14,16,87.5,12,35,27,15,3,1.69,15,0,0,119,18,13,0,24,8,0,0,0,0,52,7,1,55,47,16,26,56.5,37,39,26,66.7,100.04,59.5,27,16,0,144,104.0,92.3718712753278,114.37908496732,0,93,104.04,100.68,33:30,0.89,1.14,0,15,15,6,40.0,11,6,54.5
5f412c60-acc6-4e52-81a8-5deb176b56af,83,loss,18997,4:00:00,29,82,35.4,9,41,22.0,20,41,48.8,4,16,20,80.0,11,33,17,12,8,0.89,14,0,0,83,10,10,1,15,5,1,0,1,0,32,5,0,49,44,19,-24,40.9,30,29,16,55.2,90.8,45.7,11,21,1,91,58.1,105.647709320695,83.1663326653307,0,107,99.8,101.28,15:05,1.07,0.83,1,15,11,3,27.3,10,4,40.0
0a8659a7-7115-4d3d-8ed5-5847ea305c08,118,win,14483,4:00:00,47,82,57.3,14,28,50.0,33,54,61.1,2,10,15,66.7,7,30,33,7,10,2.2,21,0,0,118,21,6,0,17,5,0,0,0,0,58,4,1,42,37,15,5,65.9,48,43,29,67.4,88.6,66.6,20,22,0,149,105.0,115.589198036007,122.153209109731,0,113,96.6,97.76,42:08,1.17,1.22,0,21,8,3,37.5,12,10,83.3
afcd05e4-a1b2-4577-a0ce-a816294fcd61,92,loss,17272,4:00:00,31,92,33.7,13,40,32.5,18,52,34.6,7,17,20,85.0,14,30,21,7,5,1.62,15,0,0,92,8,16,0,12,10,0,0,0,0,26,7,3,54,44,13,-12,40.8,23,39,13,33.3,100.8,45.6,4,17,2,87,63.8,106.776180698152,92.184368737475,0,104,99.8,97.4,5:04,1.04,0.92,0,15,15,7,46.7,9,3,33.3
96f02be0-067b-4177-a9ad-136d75d65dc6,121,loss,19800,4:00:00,44,87,50.6,13,34,38.2,31,53,58.5,6,20,31,64.5,15,24,21,9,1,1.62,25,0,1,121,17,17,0,25,13,0,2,0,0,50,11,2,52,39,13,-6,58.0,29,41,25,61.0,100.64,60.1,9,23,4,114,92.4,130.658436213992,122.668288726683,0,127,98.64,97.2,27:51,1.29,1.23,0,25,15,7,46.7,9,7,77.8
13b2dec7-72b5-4d0f-9899-54b766558494,91,win,19432,4:00:00,31,81,38.3,10,38,26.3,21,43,48.8,3,19,22,86.4,9,30,17,10,4,1.55,19,0,0,91,6,10,0,20,5,0,0,1,1,36,3,2,44,39,11,2,44.4,32,34,18,52.9,90.68,50.2,4,16,2,91,66.9,92.7856547122602,98.1873111782477,0,89,92.68,95.92,4:56,0.96,0.98,2,21,7,4,57.1,7,2,28.6
9397c3e5-3acf-4d8d-859b-9adf776f0d04,114,win,18997,4:00:00,43,83,51.8,15,31,48.4,28,52,53.8,2,13,17,76.5,9,37,28,6,5,2.0,16,0,0,114,19,7,2,19,3,0,0,0,0,42,3,0,49,46,14,8,60.8,34,37,21,56.8,90.48,63.0,14,17,4,140,97.6,105.367793240557,116.947066064834,0,106,97.48,100.6,41:40,1.09,1.17,0,16,7,3,42.9,12,7,58.3
e8b5358b-7da3-4903-b464-abab7292cc11,120,win,16901,4:00:00,47,97,48.5,15,35,42.9,32,62,51.6,3,11,13,84.6,15,36,21,6,1,1.75,19,0,0,120,6,14,1,15,12,0,0,0,0,52,8,4,63,51,12,20,56.2,30,48,26,54.2,102.72,58.4,21,17,1,130,93.2,101.999184006528,119.142176330421,0,100,100.72,98.04,46:28,0.99,1.19,0,19,14,4,28.6,2,2,100.0
82d3bb09-3377-4749-9719-e39cca85b5d5,106,win,19559,4:00:00,42,88,47.7,14,36,38.9,28,52,53.8,7,8,12,66.7,4,35,23,10,2,2.09,21,1,0,106,10,5,2,11,11,0,3,1,0,46,5,6,50,39,11,4,55.7,28,39,23,59.0,93.28,56.8,7,17,0,105,81.0,97.1428571428571,103.63707469691,0,102,102.28,105.0,19:04,1.0,1.04,1,22,5,2,40.0,8,4,50.0
b72a3253-36e3-40d6-8536-a2ee04d463dc,89,loss,16088,4:00:00,35,85,41.2,7,32,21.9,28,53,52.8,7,12,18,66.7,9,39,19,7,5,0.83,19,0,0,89,10,15,0,5,8,0,1,0,0,50,5,3,56,48,23,-26,45.3,40,47,25,53.2,92.92,47.9,2,19,3,81,52.3,110.789980732177,83.2398054620277,0,115,106.92,103.8,00:11,1.08,0.83,0,19,9,7,77.8,4,4,100.0
a7d6c9a9-9cb3-4fdf-8cbc-7ca3bfc15402,124,win,14583,4:00:00,47,90,52.2,19,40,47.5,28,50,56.0,4,11,14,78.6,14,35,29,9,1,3.22,14,0,0,124,9,16,2,16,4,0,0,0,0,44,4,0,53,49,9,29,62.8,63,39,22,56.4,96.16,64.5,32,15,0,154,114.3,104.717813051146,133.104336625161,0,95,93.16,90.72,47:13,1.02,1.33,0,14,12,5,41.7,5,3,60.0
ecbdd253-9fa1-4653-9025-adaf8ccf23d9,90,loss,17899,4:00:00,29,81,35.8,11,34,32.4,18,47,38.3,4,21,21,100.0,9,35,16,7,7,0.84,15,0,0,90,13,6,1,20,8,0,1,0,0,32,3,5,52,44,19,-10,42.6,20,34,16,47.1,90.24,49.9,4,20,1,93,59.8,99.8402555910543,88.8976689055709,0,100,101.24,100.16,3:42,0.99,0.89,0,15,10,3,30.0,9,5,55.6
284c2727-6d4b-4583-b2dd-990738c08c1a,92,loss,17186,4:00:00,32,83,38.6,16,40,40.0,16,43,37.2,6,12,16,75.0,7,35,18,6,3,1.38,18,0,0,92,6,6,1,15,7,0,0,0,0,28,6,1,49,42,13,-6,48.2,34,29,14,48.3,90.04,51.1,11,16,1,85,61.0,103.37552742616,94.8062654575433,0,98,97.04,94.8,25:10,1.01,0.95,0,18,7,2,28.6,5,3,60.0
5bb41f6f-dd08-416b-870f-d8f40ece0a89,105,win,13914,4:00:00,39,84,46.4,10,28,35.7,29,56,51.8,3,17,25,68.0,6,36,23,9,4,4.6,22,0,0,105,7,5,1,9,8,0,2,0,0,44,7,1,50,42,5,5,52.4,34,41,22,53.7,95.0,55.3,9,25,0,123,87.7,106.428267347808,110.526315789474,0,100,95.0,93.96,12:19,1.05,1.11,0,22,5,2,40.0,4,3,75.0
